first_name,last_name,email,goal,pledged,remaining_goal_amount
Mariano,Prieto,mariano.prieto@vodafone.it,199200.00,184750.00,14450.00
Burghard,Rosenow,burghard.rosenow@hotmail.com,199000.00,142823.00,56177.00
Janice,Infantino,janice.infantino@hotmail.com,198600.00,97037.00,101563.00
Celia,Ungaretti,celia.ungaretti@fox.com,198500.00,123040.00,75460.00
Nath,Rico,nath.rico@yahoo.com,197900.00,110689.00,87211.00
Douglas,Amaya,douglas.amaya@favata-brenna.net,197700.00,127591.00,70109.00
Rhonda,Phillips,rhonda.phillips@yahoo.com,197600.00,82959.00,114641.00
Casey,Flores,casey.flores@baggio.org,196900.00,199110.00,-2210.00
Irina,Martineau,irina.martineau@gmail.com,196700.00,174039.00,22661.00
Dylan,Porzio,dylan.porzio@yahoo.de,196600.00,159931.00,36669.00
Svetlana,Montanariello,svetlana.montanariello@putz.de,195900.00,55757.00,140143.00
Jerry,Santiago,jerry.santiago@soprano-ferragni.it,195800.00,168820.00,26980.00
Christophe,Bohnbach,christophe.bohnbach@ifrance.com,195200.00,78630.00,116570.00
Luce,Marty,luce.marty@waehner.org,194900.00,68137.00,126763.00
Calogero,Cross,calogero.cross@mercantini.it,194500.00,41212.00,153288.00
Maximiliano,Knowles,maximiliano.knowles@gmail.com,193400.00,46317.00,147083.00
Giada,Celentano,giada.celentano@evans.net,193200.00,97369.00,95831.00
Lisa,Terragni,lisa.terragni@proyectos.com,192900.00,68769.00,124131.00
Giustino,Luzi,giustino.luzi@rolland.fr,192100.00,178483.00,13617.00
Ilse,Bray,ilse.bray@venturi.it,191500.00,57122.00,134378.00
Denis,Rogers,denis.rogers@poste.it,191300.00,45004.00,146296.00
Gebhard,Thanel,gebhard.thanel@gmail.com,191200.00,191222.00,-22.00
Damaris,Pininfarina,damaris.pininfarina@gmail.com,191000.00,173191.00,17809.00
Philip,Perez,philip.perez@hotmail.co.uk,191000.00,45831.00,145169.00
Guillermina,Nicholson,guillermina.nicholson@grondin.fr,189500.00,117628.00,71872.00
Frida,Villarreal,frida.villarreal@hotmail.de,189400.00,176112.00,13288.00
Gunar,Patrick,gunar.patrick@leroy.com,189200.00,188480.00,720.00
Lydia,Berengario,lydia.berengario@aol.de,189200.00,128410.00,60790.00
Yvonne,Stout,yvonne.stout@sims.edu,189000.00,5916.00,183084.00
Gabino,Blot,gabino.blot@lewis-russell.org,188800.00,57734.00,131066.00
Bertrand,Hopkins,bertrand.hopkins@gmail.com,188200.00,159405.00,28795.00
Timoteo,Bolnbach,timoteo.bolnbach@laboratorios.com,188100.00,5528.00,182572.00
Carmen,Oestrovsky,carmen.oestrovsky@gmail.com,187600.00,35698.00,151902.00
Svenja,Perrin,svenja.perrin@berger.com,186700.00,178338.00,8362.00
Emilio,Davenport,emilio.davenport@zamora-russo.net,185900.00,56774.00,129126.00
Valentine,Acosta,valentine.acosta@peters.net,184800.00,164109.00,20691.00
Richard,Andre,richard.andre@porras.org,184100.00,159037.00,25063.00
Kimberly,Chan,kimberly.chan@gmail.com,183800.00,1667.00,182133.00
Biagio,Valenzuela,biagio.valenzuela@robinson.info,182800.00,79045.00,103755.00
Laszlo,Vallee,laszlo.vallee@verdier.com,182400.00,102749.00,79651.00
Teresa,Vecellio,teresa.vecellio@yahoo.com,181200.00,47459.00,133741.00
Friedl,Powell,friedl.powell@laposte.net,180800.00,95958.00,84842.00
Emilia,Vivaldi,emilia.vivaldi@garnier.fr,180400.00,115396.00,65004.00
Tracey,Laboy,tracey.laboy@bell.biz,180200.00,69617.00,110583.00
Alejandro,Cruz,alejandro.cruz@hotmail.com,180100.00,105598.00,74502.00
Ottfried,Marques,ottfried.marques@tyler-watson.info,179100.00,93991.00,85109.00
Debra,Langlois,debra.langlois@schmiedecke.com,178200.00,24882.00,153318.00
Hailey,Russell,hailey.russell@jourdan.org,178000.00,43086.00,134914.00
Toralf,Iglesias,toralf.iglesias@borrego.com,177700.00,33092.00,144608.00
Genaro,Briand,genaro.briand@sfr.fr,177700.00,180802.00,-3102.00
Roberto,Guyot,roberto.guyot@bennett.com,174500.00,197018.00,-22518.00
Joseph,Glover,joseph.glover@laposte.net,173900.00,47260.00,126640.00
Ludovica,Arellano,ludovica.arellano@morandi-argento.com,173800.00,198628.00,-24828.00
Perla,Figueroa,perla.figueroa@live.com,172700.00,193820.00,-21120.00
Justine,Mancini,justine.mancini@tiscali.it,172000.00,55805.00,116195.00
Steffen,Mangold,steffen.mangold@paul.net,171300.00,100650.00,70650.00
Susan,Vigliotti,susan.vigliotti@yahoo.co.uk,171000.00,194309.00,-23309.00
Gianmarco,Alcaraz,gianmarco.alcaraz@zacchia.net,171000.00,84891.00,86109.00
Fanny,Pertile,fanny.pertile@gmail.com,170800.00,109374.00,61426.00
Miriam,Oquendo,miriam.oquendo@smith-watson.biz,170700.00,57250.00,113450.00
Mason,Potter,mason.potter@gmail.com,170600.00,114523.00,56077.00
Geronimo,Pechel,geronimo.pechel@hotmail.com,170600.00,75022.00,95578.00
Linda,Franceschi,linda.franceschi@richards.net,170400.00,160422.00,9978.00
Marcus,Espino,marcus.espino@comolli.eu,169700.00,168048.00,1652.00
Aurore,Rosemann,aurore.rosemann@leoncavallo-rusticucci.com,169400.00,81984.00,87416.00
Jake,Wiley,jake.wiley@outlook.com,168700.00,141393.00,27307.00
Dimitri,Posada,dimitri.posada@gmail.com,168600.00,91722.00,76878.00
Reginald,Hughes,reginald.hughes@gmail.com,168500.00,119510.00,48990.00
Leonid,Scholl,leonid.scholl@collin.com,168500.00,171729.00,-3229.00
Gianfranco,Hethur,gianfranco.hethur@stewart-lee.com.au,167500.00,114615.00,52885.00
Heidi,Barker,heidi.barker@gmail.com,167400.00,22073.00,145327.00
Stella,Ullrich,stella.ullrich@hotmail.com.au,167400.00,196386.00,-28986.00
Laura,Buckley,laura.buckley@ryan.org,166700.00,145382.00,21318.00
Pedro,Wilson,pedro.wilson@outlook.com,164700.00,166116.00,-1416.00
Frank,Henry,frank.henry@yahoo.com,164500.00,150552.00,13948.00
Charlotte,Duke,charlotte.duke@ochoa.org,164100.00,96888.00,67212.00
Gabriella,Avila,gabriella.avila@gmail.com,163800.00,78743.00,85057.00
Ottavio,Rust,ottavio.rust@crespi.com,163700.00,93963.00,69737.00
Dino,Osborne,dino.osborne@despacho.com,163600.00,126628.00,36972.00
Diether,Baeza,diether.baeza@grupo.biz,161900.00,38376.00,123524.00
Yves,Mendez,yves.mendez@gmail.com,160400.00,1210.00,159190.00
Aurelia,Angiolello,aurelia.angiolello@lord.com,159800.00,11108.00,148692.00
Susi,Steinberg,susi.steinberg@preiss.com,158100.00,145243.00,12857.00
Alphonse,Nitto,alphonse.nitto@voila.fr,157600.00,23159.00,134441.00
Karolin,Johann,karolin.johann@hotmail.com,157600.00,124517.00,33083.00
Noelia,Romo,noelia.romo@yahoo.com,157300.00,11167.00,146133.00
Cynthia,Robinson,cynthia.robinson@gilles.net,156800.00,20243.00,136557.00
Mattia,Huet,mattia.huet@aol.de,156800.00,6024.00,150776.00
Kathrin,Godfrey,kathrin.godfrey@tele2.fr,155200.00,37754.00,117446.00
Thierry,Schwartz,thierry.schwartz@travaglio.net,154500.00,30215.00,124285.00
Alejandra,Joseph,alejandra.joseph@escalante-abrego.biz,154300.00,74688.00,79612.00
Hanno,Gollum,hanno.gollum@smith.com,153800.00,60342.00,93458.00
Lauretta,Neal,lauretta.neal@hotmail.de,153700.00,1953.00,151747.00
Reynaldo,Wagenknecht,reynaldo.wagenknecht@faure.com,153700.00,15238.00,138462.00
Chantal,Armas,chantal.armas@jenkins.net,153700.00,55536.00,98164.00
Gail,Petrocelli,gail.petrocelli@yahoo.com,153600.00,107743.00,45857.00
Meryem,Tapia,meryem.tapia@yahoo.com,152400.00,178120.00,-25720.00
Nelly,Marsh,nelly.marsh@hotmail.it,151300.00,57034.00,94266.00
Hugh,Cantu,hugh.cantu@libero.it,150600.00,127745.00,22855.00
Rebecca,Greer,rebecca.greer@hotmail.com,150500.00,150755.00,-255.00
Valentina,Pages,valentina.pages@hotmail.de,149600.00,169586.00,-19986.00
Seth,Olivier,seth.olivier@yahoo.com,148500.00,4756.00,143744.00
Annalisa,Pugh,annalisa.pugh@hotmail.fr,148400.00,182302.00,-33902.00
Stefano,Lemonnier,stefano.lemonnier@binner.com,147800.00,35498.00,112302.00
Janko,Bishop,janko.bishop@tim.it,147800.00,15723.00,132077.00
Eric,Barnes,eric.barnes@barrett-winter.com,146400.00,152438.00,-6038.00
Colette,Ryan,colette.ryan@hotmail.com,145600.00,141822.00,3778.00
Isidor,Carpenter,isidor.carpenter@chauvin.com,145500.00,101987.00,43513.00
Vito,Dossi,vito.dossi@hotmail.co.uk,145000.00,6631.00,138369.00
Josette,Laine,josette.laine@saracino-parisi.net,143900.00,193413.00,-49513.00
Sarah,Davis,sarah.davis@david.com,142400.00,21307.00,121093.00
Guadalupe,Munoz,guadalupe.munoz@murray-hamilton.com.au,141100.00,74073.00,67027.00
Carly,Summers,carly.summers@yahoo.co.uk,140800.00,88536.00,52264.00
Amador,Riley,amador.riley@hotmail.com,140300.00,5112.00,135188.00
Leo,Petruzzi,leo.petruzzi@yahoo.com,140000.00,94501.00,45499.00
Elias,Marin,elias.marin@herve.net,139500.00,90706.00,48794.00
Marcela,Ferrante,marcela.ferrante@gmx.de,139000.00,158590.00,-19590.00
Alfonso,Finetti,alfonso.finetti@quiroz.com,138700.00,31123.00,107577.00
Giampiero,Carlier,giampiero.carlier@hotmail.com,137900.00,165352.00,-27452.00
Celal,Fischer,celal.fischer@aol.de,137600.00,180667.00,-43067.00
Irmi,Schweitzer,irmi.schweitzer@ozuna.com,137200.00,88037.00,49163.00
Ahmad,Sosa,ahmad.sosa@gmail.com,136800.00,88055.00,48745.00
Hortense,Taylor,hortense.taylor@chambers.biz,136300.00,108974.00,27326.00
Geraldine,Cabrera,geraldine.cabrera@green-smith.info,135600.00,62804.00,72796.00
Brenda,Sontag,brenda.sontag@solari.com,135500.00,103554.00,31946.00
Tina,Rodriguez,tina.rodriguez@web.de,134600.00,59007.00,75593.00
Kirsty,Lamy,kirsty.lamy@alonzi.it,134400.00,155849.00,-21449.00
Alvaro,Lemus,alvaro.lemus@yahoo.com,134300.00,145265.00,-10965.00
Lina,Alcala,lina.alcala@vespa.net,131800.00,147936.00,-16136.00
Ingeborg,Alba,ingeborg.alba@hotmail.com,130800.00,137635.00,-6835.00
Lauren,Guillaume,lauren.guillaume@sorgatz.org,129400.00,57911.00,71489.00
Jared,Ferguson,jared.ferguson@roberts.com,129100.00,188404.00,-59304.00
Cindy,Castillo,cindy.castillo@virgilio.it,128900.00,196960.00,-68060.00
Gilberto,Evans,gilberto.evans@salcedo-archuleta.net,128100.00,40107.00,87993.00
Thomas,Hutchinson,thomas.hutchinson@gmx.de,128000.00,158389.00,-30389.00
Tom,Leconte,tom.leconte@woods-johnson.com,125900.00,195936.00,-70036.00
Logan,Hornich,logan.hornich@tin.it,125600.00,109106.00,16494.00
Stewart,Hunt,stewart.hunt@anderson-vargas.biz,125500.00,188628.00,-63128.00
Augustin,Wohlgemut,augustin.wohlgemut@watson.info,125400.00,53324.00,72076.00
Volkmar,Gauthier,volkmar.gauthier@hotmail.com,123600.00,5429.00,118171.00
Glen,Faivre,glen.faivre@yahoo.com,122900.00,95993.00,26907.00
Marliese,Oneal,marliese.oneal@gmail.com,121700.00,59003.00,62697.00
Geza,Howard,geza.howard@voila.fr,121700.00,188721.00,-67021.00
Gretchen,Serna,gretchen.serna@pichon.org,121600.00,1424.00,120176.00
Eleni,Aponte,eleni.aponte@club-internet.fr,121600.00,188288.00,-66688.00
Astrid,Roht,astrid.roht@fastwebnet.it,121500.00,108161.00,13339.00
Elvira,Papafava,elvira.papafava@ifrance.com,121500.00,119830.00,1670.00
Stephen,Pratesi,stephen.pratesi@hotmail.com,121400.00,65755.00,55645.00
Dina,Gibbons,dina.gibbons@brewer.net,121100.00,26176.00,94924.00
Marcantonio,Bennett,marcantonio.bennett@hopkins.com.au,120700.00,57010.00,63690.00
Joe,Michaud,joe.michaud@yahoo.fr,119800.00,19769.00,100031.00
Abril,Lowery,abril.lowery@novak.net,119200.00,170623.00,-51423.00
Aimee,Foconi,aimee.foconi@outlook.com,118400.00,49879.00,68521.00
Ivo,Moreno,ivo.moreno@hotmail.com,118200.00,87560.00,30640.00
Korinna,Arnold,korinna.arnold@zapata-saenz.biz,118200.00,92824.00,25376.00
Gianluca,Beck,gianluca.beck@green.biz,118000.00,28870.00,89130.00
Olivia,Striebitz,olivia.striebitz@gmail.com,117900.00,196377.00,-78477.00
Jorge,Monti,jorge.monti@clement.fr,117000.00,107622.00,9378.00
Mateo,Sorrentino,mateo.sorrentino@calderon.com,116500.00,137904.00,-21404.00
Antoinette,Cox,antoinette.cox@bustamante.com,116300.00,116583.00,-283.00
Cilli,Watts,cilli.watts@yahoo.com,115600.00,184086.00,-68486.00
Emine,Tacchini,emine.tacchini@dbmail.com,115000.00,86060.00,28940.00
Antonia,Kline,antonia.kline@gmail.com,114800.00,12938.00,101862.00
Modesto,Wright,modesto.wright@pareto.com,114400.00,196779.00,-82379.00
Toby,Etzler,toby.etzler@industrias.com,114300.00,96777.00,17523.00
Amelia,Olvera,amelia.olvera@hotmail.com,113800.00,140469.00,-26669.00
Alonso,Palomo,alonso.palomo@gehringer.de,113500.00,12552.00,100948.00
Gastone,Beyer,gastone.beyer@stewart-sanchez.edu,112300.00,178965.00,-66665.00
Vincent,Singh,vincent.singh@gmail.com,112100.00,19557.00,92543.00
Rafael,Alexander,rafael.alexander@jenkins.com,111900.00,85902.00,25998.00
Michelangelo,Hess,michelangelo.hess@bouygtel.fr,111100.00,62819.00,48281.00
Christine,Hiller,christine.hiller@yahoo.com,110800.00,72623.00,38177.00
Cornelio,Guardado,cornelio.guardado@gmail.com,110300.00,197024.00,-86724.00
Ariadna,Geisel,ariadna.geisel@rangel.com,110100.00,21946.00,88154.00
Sergius,Mace,sergius.mace@palazzo.com,109000.00,42795.00,66205.00
Amber,Weller,amber.weller@toso.eu,108800.00,65877.00,42923.00
Eloy,Renzi,eloy.renzi@gmail.com,108700.00,87293.00,21407.00
Marta,Huynh,marta.huynh@hernandez.info,108500.00,175868.00,-67368.00
Sofie,Woods,sofie.woods@riviere.com,108400.00,142523.00,-34123.00
Allen,Gates,allen.gates@gmail.com,108400.00,138586.00,-30186.00
Yolanda,Snyder,yolanda.snyder@gmx.de,107500.00,51814.00,55686.00
Marisela,Mende,marisela.mende@godoy-enriquez.com,106800.00,57872.00,48928.00
Christopher,Poirier,christopher.poirier@hotmail.com,106400.00,39996.00,66404.00
Jacinto,Rose,jacinto.rose@yahoo.com,105300.00,106321.00,-1021.00
Edelgard,Kreusel,edelgard.kreusel@hotmail.com,105000.00,96328.00,8672.00
Adina,Pollard,adina.pollard@outlook.com,104400.00,99100.00,5300.00
Leon,Baker,leon.baker@hotmail.com,103200.00,1690.00,101510.00
Donald,Reynaud,donald.reynaud@green.edu.au,103200.00,53067.00,50133.00
Alessio,Bruneau,alessio.bruneau@hotmail.co.uk,102900.00,67546.00,35354.00
Hanne,Kidd,hanne.kidd@yahoo.com,102500.00,165954.00,-63454.00
Giulietta,Lucas,giulietta.lucas@club.com,101400.00,47037.00,54363.00
Dustin,Camacho,dustin.camacho@rhodes.org.au,101000.00,87676.00,13324.00
Arcelia,Babati,arcelia.babati@orange.fr,99500.00,17879.00,81621.00
Evangelos,Peters,evangelos.peters@sanchez.net,99500.00,89288.00,10212.00
Conor,Reinhardt,conor.reinhardt@yahoo.com.au,98800.00,139354.00,-40554.00
Konrad,Briones,konrad.briones@fierro.com,98700.00,131826.00,-33126.00
Anita,Galindo,anita.galindo@gmail.com,98700.00,87448.00,11252.00
Rosa,Paul,rosa.paul@bien.com,98600.00,62174.00,36426.00
Oreste,Ward,oreste.ward@proyectos.com,97800.00,32951.00,64849.00
Josh,Cimarosa,josh.cimarosa@hotmail.com,97600.00,119127.00,-21527.00
Whitney,Noack,whitney.noack@laboratorios.org,97300.00,153216.00,-55916.00
Terri,Iannelli,terri.iannelli@hotmail.com,97300.00,62127.00,35173.00
Cristina,Chevalier,cristina.chevalier@proyectos.com,97200.00,55372.00,41828.00
Egon,Caron,egon.caron@hotmail.com,97100.00,105817.00,-8717.00
Bianca,Drubin,bianca.drubin@libero.it,96700.00,157635.00,-60935.00
Liliana,Barber,liliana.barber@libero.it,96700.00,81136.00,15564.00
Alfredo,Ingram,alfredo.ingram@hotmail.com,96500.00,16168.00,80332.00
Sharon,Diallo,sharon.diallo@gmail.com,94900.00,57659.00,37241.00
Claudio,Reuter,claudio.reuter@morgan-collins.org.au,94900.00,194166.00,-99266.00
Franco,Fioravanti,franco.fioravanti@barry-gill.com.au,94500.00,116064.00,-21564.00
Anouk,Pace,anouk.pace@gmail.com,94300.00,150806.00,-56506.00
Rhys,Leiva,rhys.leiva@gmx.de,94200.00,135997.00,-41797.00
Itzel,Murphy,itzel.murphy@muelichen.de,94000.00,38533.00,55467.00
Mathilde,Kruschwitz,mathilde.kruschwitz@yahoo.com,93800.00,21477.00,72323.00
Maik,Beasley,maik.beasley@harper-brooks.biz,93800.00,45987.00,47813.00
Stefani,Ughi,stefani.ughi@hotmail.it,92500.00,71320.00,21180.00
Brian,Novak,brian.novak@ford.net,92400.00,104257.00,-11857.00
Zacharie,Cordier,zacharie.cordier@gmail.com,92100.00,19246.00,72854.00
Johnathan,Guidotti,johnathan.guidotti@cox-sanchez.net,91400.00,48236.00,43164.00
Kendra,David,kendra.david@allan-morton.com,90600.00,27844.00,62756.00
Pierina,Gaggini,pierina.gaggini@free.fr,90400.00,110279.00,-19879.00
Tyler,Rivera,tyler.rivera@guajardo-ozuna.com,90200.00,167717.00,-77517.00
Aldo,Cibin,aldo.cibin@gmx.de,89900.00,12497.00,77403.00
Pina,Passalacqua,pina.passalacqua@yahoo.co.uk,89900.00,45384.00,44516.00
Emiliano,Wells,emiliano.wells@gmx.de,89100.00,13385.00,75715.00
Carmine,Gonzales,carmine.gonzales@schleich.net,88900.00,102535.00,-13635.00
Brett,Jones,brett.jones@alice.it,88800.00,28358.00,60442.00
Carlos,Delle,carlos.delle@hicks.com,88700.00,151438.00,-62738.00
Lilija,Charles,lilija.charles@gmail.com,88400.00,121138.00,-32738.00
Benita,Pottier,benita.pottier@sfr.fr,87900.00,171549.00,-83649.00
Christy,Grossi,christy.grossi@alarcon-tafoya.com,87300.00,81897.00,5403.00
Conchita,Pagliaro,conchita.pagliaro@googlemail.com,86400.00,103255.00,-16855.00
Laurence,Lucero,laurence.lucero@martin.org,86200.00,77355.00,8845.00
Dulce,Adinolfi,dulce.adinolfi@hotmail.com,85900.00,55476.00,30424.00
Carlo,Jacquot,carlo.jacquot@hotmail.com,85600.00,165798.00,-80198.00
Lucia,Riviere,lucia.riviere@samaniego.biz,85000.00,107516.00,-22516.00
Pomponio,Comencini,pomponio.comencini@hotmail.co.uk,84900.00,13864.00,71036.00
Martha,Girard,martha.girard@web.de,84600.00,134845.00,-50245.00
Lilia,Lollobrigida,lilia.lollobrigida@le.com,84500.00,73522.00,10978.00
Grit,Knight,grit.knight@web.de,84500.00,193101.00,-108601.00
Isabel,Pruschke,isabel.pruschke@gmail.com,84400.00,8092.00,76308.00
Sylvia,Bonomo,sylvia.bonomo@poulain.com,84400.00,98935.00,-14535.00
Karen,Avogadro,karen.avogadro@yahoo.com,84300.00,26303.00,57997.00
Emmanuelle,Keller,emmanuelle.keller@morton-clarke.com,83300.00,52421.00,30879.00
Maurice,Gumprich,maurice.gumprich@griffin.net.au,83000.00,101352.00,-18352.00
Meta,Cuzzocrea,meta.cuzzocrea@howard-jensen.org,82800.00,2721.00,80079.00
Brittany,Tran,brittany.tran@tele2.it,81600.00,9318.00,72282.00
Erin,Weinhold,erin.weinhold@hotmail.fr,81300.00,31665.00,49635.00
Kerry,Patel,kerry.patel@hutchinson.com,81200.00,38414.00,42786.00
Vittorio,Caccioppoli,vittorio.caccioppoli@yahoo.com,81000.00,150515.00,-69515.00
Pellegrino,Allen,pellegrino.allen@gmail.com,80500.00,96735.00,-16235.00
Krystal,Ammaniti,krystal.ammaniti@barbier.fr,79400.00,26571.00,52829.00
Raphaela,Gotthard,raphaela.gotthard@outlook.com,77000.00,1930.00,75070.00
Antonina,Cobb,antonina.cobb@gibson.org,76100.00,24234.00,51866.00
Jessica,Martinez,jessica.martinez@salieri.com,75100.00,112272.00,-37172.00
Courtney,Fiebig,courtney.fiebig@doerschner.com,75000.00,2529.00,72471.00
Jean,Berthelot,jean.berthelot@oscuro.it,74700.00,1557.00,73143.00
Rachel,Ulibarri,rachel.ulibarri@schueler.com,74100.00,94631.00,-20531.00
Lea,Merle,lea.merle@stey.de,73800.00,148779.00,-74979.00
Manuel,Gracia,manuel.gracia@trussardi.eu,73000.00,175015.00,-102015.00
Sara,Erickson,sara.erickson@yahoo.de,72600.00,117892.00,-45292.00
Paige,Hill,paige.hill@jones.org.au,72400.00,134688.00,-62288.00
Henry,Gucci,henry.gucci@leleu.fr,72100.00,30902.00,41198.00
Darren,Bernardi,darren.bernardi@brooks-martin.com,71500.00,194912.00,-123412.00
Patrizia,Wilms,patrizia.wilms@dbmail.com,71200.00,95020.00,-23820.00
Corinne,Mitschke,corinne.mitschke@hauffer.net,71100.00,91176.00,-20076.00
Catherine,Gray,catherine.gray@hotmail.com,70700.00,68602.00,2098.00
Venancio,Stadelmann,venancio.stadelmann@gmx.de,70600.00,42596.00,28004.00
Todd,Douglas,todd.douglas@web.de,70400.00,118603.00,-48203.00
Evelyn,Haynes,evelyn.haynes@clark.info,70300.00,146595.00,-76295.00
Giuseppina,Tanguy,giuseppina.tanguy@wanadoo.fr,70200.00,35536.00,34664.00
Beate,Morgan,beate.morgan@gmail.com,69900.00,138087.00,-68187.00
Heather,Zimmer,heather.zimmer@bluemel.de,69800.00,125042.00,-55242.00
Jennifer,Giraud,jennifer.giraud@yahoo.com,69700.00,151513.00,-81813.00
Amedeo,Bradford,amedeo.bradford@yahoo.com,68800.00,162603.00,-93803.00
Herbert,Fraser,herbert.fraser@holloway.org.au,67800.00,176398.00,-108598.00
Gareth,Comolli,gareth.comolli@tiscali.fr,66600.00,37823.00,28777.00
Joanne,Henderson,joanne.henderson@gmail.com,66200.00,123538.00,-57338.00
Anne,Snow,anne.snow@gmail.com,66100.00,179074.00,-112974.00
Enrique,Guillen,enrique.guillen@hotmail.co.uk,64300.00,65323.00,-1023.00
Severino,Linares,severino.linares@angeli.com,63400.00,197728.00,-134328.00
Dana,Ritacca,dana.ritacca@gmail.com,63200.00,6041.00,57159.00
Gerdi,Guerrero,gerdi.guerrero@tele2.fr,62800.00,143788.00,-80988.00
Amanda,Palmer,amanda.palmer@didier.fr,62500.00,30331.00,32169.00
Alec,Ho,alec.ho@parra-esparza.com,62300.00,118214.00,-55914.00
Herma,Gabbana,herma.gabbana@hotmail.com,61600.00,143910.00,-82310.00
Philippe,Gardner,philippe.gardner@howells-jones.net,61500.00,168095.00,-106595.00
Luke,Klein,luke.klein@hotmail.com,61400.00,73653.00,-12253.00
Shelly,Guichard,shelly.guichard@gmail.com,61200.00,60994.00,206.00
Constance,Maldonado,constance.maldonado@spiess.net,60900.00,102751.00,-41851.00
Zaira,Cattaneo,zaira.cattaneo@yahoo.com,60400.00,4393.00,56007.00
Nino,Bien,nino.bien@gmail.com,60200.00,138384.00,-78184.00
Julian,Noble,julian.noble@hill.org.au,60200.00,86244.00,-26044.00
Jose,Huang,jose.huang@gmx.de,59700.00,134640.00,-74940.00
Christian,Anderson,christian.anderson@tim.it,59700.00,135132.00,-75432.00
Omar,Fonseca,omar.fonseca@grupo.org,59200.00,183756.00,-124556.00
Heiko,Bourgeois,heiko.bourgeois@togliatti.com,59100.00,183345.00,-124245.00
Filippo,Parry,filippo.parry@live.com,59100.00,75690.00,-16590.00
Martyn,Caldera,martyn.caldera@hotmail.co.uk,57800.00,40228.00,17572.00
Milan,Montenegro,milan.montenegro@langern.com,56800.00,173437.00,-116637.00
Monique,Delgadillo,monique.delgadillo@hotmail.co.uk,56000.00,172736.00,-116736.00
Renato,Murillo,renato.murillo@club.com,55800.00,118580.00,-62780.00
Michele,Brambilla,michele.brambilla@yahoo.com,54700.00,163118.00,-108418.00
Clayton,Salcedo,clayton.salcedo@hotmail.co.uk,54300.00,48227.00,6073.00
Henriette,Lang,henriette.lang@mimun.it,54000.00,188982.00,-134982.00
Enrico,Fabre,enrico.fabre@gmail.com,53100.00,101185.00,-48085.00
Raisa,Poulain,raisa.poulain@fastwebnet.it,52600.00,31594.00,21006.00
Andrea,Arroyo,andrea.arroyo@yahoo.com.au,52000.00,91014.00,-39014.00
Raffaella,Esquivel,raffaella.esquivel@gmail.com,51400.00,90440.00,-39040.00
Zeferino,Barrera,zeferino.barrera@zedillo-velazquez.com,51300.00,189192.00,-137892.00
Simone,Sauvage,simone.sauvage@yahoo.com,51100.00,155349.00,-104249.00
Folker,Swanson,folker.swanson@rodrigues.fr,50500.00,16389.00,34111.00
Amalia,Marenzio,amalia.marenzio@grupo.com,50200.00,189666.00,-139466.00
Johanne,Strong,johanne.strong@yahoo.de,49700.00,5098.00,44602.00
Ronald,Simpson,ronald.simpson@ovadia.net,48900.00,154321.00,-105421.00
Alfio,Roman,alfio.roman@hotmail.co.uk,48800.00,175020.00,-126220.00
Jordan,Rowe,jordan.rowe@outlook.com,48500.00,75906.00,-27406.00
Florentine,Saraceno,florentine.saraceno@gmail.com,48300.00,16592.00,31708.00
Ennio,Leoncavallo,ennio.leoncavallo@sanchez.org,47900.00,31864.00,16036.00
Hermelinda,Olmos,hermelinda.olmos@portillo.com,46300.00,186885.00,-140585.00
Carl,Macias,carl.macias@yahoo.com,46100.00,77012.00,-30912.00
Marina,Madrid,marina.madrid@galarza-alba.com,45900.00,150965.00,-105065.00
Ilaria,Bowen,ilaria.bowen@hotmail.it,45600.00,165375.00,-119775.00
Kelly,Carter,kelly.carter@hotmail.com.au,45300.00,99361.00,-54061.00
Eleanor,Hall,eleanor.hall@hotmail.com,44500.00,159185.00,-114685.00
Alyssa,Brun,alyssa.brun@chittolini-spadafora.it,43800.00,13653.00,30147.00
Tonia,Coleman,tonia.coleman@hotmail.com,43800.00,149578.00,-105778.00
Roberta,Finzi,roberta.finzi@knight-davies.co.uk,43200.00,136156.00,-92956.00
Leila,Washington,leila.washington@gmail.com,43000.00,5615.00,37385.00
Loretta,Mallet,loretta.mallet@sansoni-toscani.it,42800.00,179356.00,-136556.00
Bernadette,Wang,bernadette.wang@gmail.com,42700.00,97524.00,-54824.00
Branko,Chambers,branko.chambers@ifrance.com,42600.00,156384.00,-113784.00
Eugenio,Martin,eugenio.martin@yahoo.de,42600.00,8517.00,34083.00
Bethan,Giacometti,bethan.giacometti@gmail.com,42100.00,79268.00,-37168.00
Hiltrud,Thibault,hiltrud.thibault@barbe.com,42100.00,188057.00,-145957.00
Tracy,Metz,tracy.metz@bryant.info,41700.00,138497.00,-96797.00
Gioffre,Stein,gioffre.stein@hotmail.com.au,41500.00,175573.00,-134073.00
Gabriela,Padilla,gabriela.padilla@pearson-russell.com,41000.00,709.00,40291.00
Ethan,Duhamel,ethan.duhamel@sfr.fr,40200.00,139468.00,-99268.00
Allegra,Benedetti,allegra.benedetti@miller.com,39500.00,4323.00,35177.00
Sam,Adams,sam.adams@yahoo.com,39400.00,192292.00,-152892.00
Christiane,Ricciardi,christiane.ricciardi@zavala.com,39300.00,71583.00,-32283.00
Alice,Wall,alice.wall@zaccardo.it,38900.00,56859.00,-17959.00
Dawn,Cortez,dawn.cortez@gmail.com,38800.00,161593.00,-122793.00
Kristy,Bartlett,kristy.bartlett@outlook.com,38500.00,182036.00,-143536.00
Walther,Duarte,walther.duarte@web.de,38200.00,121950.00,-83750.00
Pompeo,Bourdon,pompeo.bourdon@gmail.com,37100.00,131404.00,-94304.00
Livia,Ernst,livia.ernst@colas.fr,37100.00,34964.00,2136.00
Roman,Gonzalez,roman.gonzalez@anderson.net,36400.00,26914.00,9486.00
Randy,Alfieri,randy.alfieri@verri.org,35600.00,20915.00,14685.00
Carole,Nohlmans,carole.nohlmans@yahoo.com,35000.00,177936.00,-142936.00
Antje,Voisin,antje.voisin@gmail.com,33800.00,118706.00,-84906.00
Irma,Gemito,irma.gemito@googlemail.com,33700.00,62330.00,-28630.00
Kurt,Sauer,kurt.sauer@almanza.biz,33600.00,137961.00,-104361.00
Marguerite,Walls,marguerite.walls@martinez.fr,33300.00,128862.00,-95562.00
Romeo,Surian,romeo.surian@batista.com,32900.00,43473.00,-10573.00
Branka,Traore,branka.traore@jacobi.com,31400.00,41564.00,-10164.00
Thibaut,Camarillo,thibaut.camarillo@hotmail.com,31200.00,95364.00,-64164.00
Walburga,Vollbrecht,walburga.vollbrecht@aol.de,29600.00,77021.00,-47421.00
Kata,Mena,kata.mena@gmail.com,29600.00,167005.00,-137405.00
Emmanuel,Dominguez,emmanuel.dominguez@gmail.com,29600.00,26527.00,3073.00
Sonia,Volta,sonia.volta@gmx.de,29500.00,83843.00,-54343.00
Dietmar,Grenier,dietmar.grenier@tele2.it,29400.00,123124.00,-93724.00
Belinda,Gamez,belinda.gamez@leleu.com,28800.00,118847.00,-90047.00
Marvin,Howe,marvin.howe@gmail.com,28400.00,100900.00,-72500.00
Reinhilde,White,reinhilde.white@voila.fr,28200.00,18829.00,9371.00
Baccio,Marcacci,baccio.marcacci@laposte.net,27500.00,5593.00,21907.00
Jason,Howell,jason.howell@gmx.de,27100.00,195750.00,-168650.00
Marcella,Govoni,marcella.govoni@barkholz.net,26500.00,41205.00,-14705.00
Hannah,Jockel,hannah.jockel@ceravolo-tonisto.eu,25600.00,158669.00,-133069.00
Luciana,Petitjean,luciana.petitjean@patterson-cole.biz,25500.00,45983.00,-20483.00
Adalberto,Lombardo,adalberto.lombardo@sfr.fr,25000.00,59128.00,-34128.00
Jacqueline,Germano,jacqueline.germano@valette.fr,23400.00,23956.00,-556.00
James,Elliott,james.elliott@gmail.com,23300.00,98811.00,-75511.00
Franck,Wade,franck.wade@gute.org,22500.00,164291.00,-141791.00
William,Gibilisco,william.gibilisco@gaillard.com,20700.00,41396.00,-20696.00
Fulvio,Curiel,fulvio.curiel@reynolds.com,20100.00,47705.00,-27605.00
Lucie,Redi,lucie.redi@googlemail.com,20000.00,158832.00,-138832.00
Giulio,Bohlander,giulio.bohlander@dbmail.com,20000.00,51775.00,-31775.00
Nicola,Rossi,nicola.rossi@berry.org,19800.00,184658.00,-164858.00
Maura,Ravaglioli,maura.ravaglioli@yahoo.com,19800.00,153338.00,-133538.00
Giacobbe,Owens,giacobbe.owens@huet.fr,18900.00,60934.00,-42034.00
Alexandre,Serrano,alexandre.serrano@yahoo.co.uk,18000.00,166874.00,-148874.00
Luigi,Bonnet,luigi.bonnet@carriera-federico.it,17700.00,150960.00,-133260.00
Eitel,Lombard,eitel.lombard@thomas.net,17100.00,111502.00,-94402.00
Anthony,Hauffer,anthony.hauffer@tlustek.org,16800.00,37857.00,-21057.00
Soledad,Soto,soledad.soto@hotmail.de,16200.00,75955.00,-59755.00
Ricky,Harrell,ricky.harrell@martin.edu,15800.00,83267.00,-67467.00
Gino,Hernandez,gino.hernandez@covarrubias.com,15800.00,57157.00,-41357.00
Eugenia,Zichichi,eugenia.zichichi@yahoo.com,14900.00,32986.00,-18086.00
Ugo,Harrison,ugo.harrison@morley-chapman.co.uk,14500.00,159056.00,-144556.00
Clinton,Mason,clinton.mason@yahoo.com,10000.00,12042.00,-2042.00
Beatriz,Moulin,beatriz.moulin@pinto.com,10000.00,12684.00,-2684.00
Pia,Burgess,pia.burgess@proyectos.org,10000.00,8142.00,1858.00
Marzena,Carrero,marzena.carrero@roskoth.de,10000.00,824.00,9176.00
Nathalie,Alvarez,nathalie.alvarez@live.com,10000.00,2461.00,7539.00
Tomislav,Stoppani,tomislav.stoppani@corporacin.org,10000.00,7724.00,2276.00
Tadeusz,Medina,tadeusz.medina@jackson-clark.net,10000.00,6100.00,3900.00
Alexandria,Best,alexandria.best@yahoo.co.uk,9900.00,1269.00,8631.00
John,Lane,john.lane@gregoire.fr,9900.00,5027.00,4873.00
Hartmuth,Robertson,hartmuth.robertson@thomas.edu.au,9900.00,1870.00,8030.00
Katarina,Clarke,katarina.clarke@hotmail.com.au,9900.00,6161.00,3739.00
Micheletto,Sykes,micheletto.sykes@thompson-thompson.com,9800.00,8153.00,1647.00
Lorraine,Crawford,lorraine.crawford@gmail.com,9800.00,3349.00,6451.00
Dolores,Didier,dolores.didier@yahoo.com.au,9800.00,14697.00,-4897.00
Beth,Miniati,beth.miniati@hudson.net,9800.00,7120.00,2680.00
Shane,Fernandez,shane.fernandez@hotmail.de,9800.00,12434.00,-2634.00
Jelena,Stiffel,jelena.stiffel@trupp.de,9800.00,7608.00,2192.00
Letizia,Gulotta,letizia.gulotta@howard.biz,9800.00,13954.00,-4154.00
Robin,Schleich,robin.schleich@rogers-barrera.biz,9800.00,13439.00,-3639.00
Bettina,Norbiato,bettina.norbiato@allen-lutz.org,9800.00,11091.00,-1291.00
Stacey,Knox,stacey.knox@corporacin.com,9700.00,14606.00,-4906.00
Isabella,Deleon,isabella.deleon@web.de,9700.00,6298.00,3402.00
Hilary,Clark,hilary.clark@libero.it,9700.00,1146.00,8554.00
Erika,Toussaint,erika.toussaint@sfr.fr,9700.00,4932.00,4768.00
Monica,Mohaupt,monica.mohaupt@live.com,9700.00,11929.00,-2229.00
Judith,Butte,judith.butte@fischer-vaughn.info,9600.00,11900.00,-2300.00
Kathleen,Solimena,kathleen.solimena@wallace.biz,9600.00,9216.00,384.00
Dennis,Boaga,dennis.boaga@gmx.de,9600.00,14925.00,-5325.00
Ernesto,Nerger,ernesto.nerger@middleton.co.uk,9600.00,6401.00,3199.00
Mirko,Townsend,mirko.townsend@schmitt.com,9600.00,6205.00,3395.00
Fortunata,Schneider,fortunata.schneider@tiscali.it,9600.00,4929.00,4671.00
Samantha,Lowe,samantha.lowe@praga.it,9500.00,3220.00,6280.00
Virginia,Caetani,virginia.caetani@sosa.biz,9500.00,4530.00,4970.00
Andrew,Torres,andrew.torres@ruiz-torres.org,9500.00,4460.00,5040.00
Melania,Klemm,melania.klemm@seidel.com,9500.00,14408.00,-4908.00
Sean,Mielcarek,sean.mielcarek@gmail.com,9500.00,5973.00,3527.00
Bernardo,Wieloch,bernardo.wieloch@budig.com,9400.00,6015.00,3385.00
Marco,Vittadello,marco.vittadello@gmail.com,9400.00,11277.00,-1877.00
Piermaria,Laporte,piermaria.laporte@wesack.com,9400.00,6852.00,2548.00
Patrizio,Cisneros,patrizio.cisneros@martinez.edu.au,9400.00,5918.00,3482.00
Sonja,Patberg,sonja.patberg@hotmail.com,9400.00,968.00,8432.00
Harald,Roy,harald.roy@web.de,9400.00,4899.00,4501.00
Charles,Begum,charles.begum@laboratorios.info,9400.00,6338.00,3062.00
Camille,Tafuri,camille.tafuri@aol.de,9300.00,14822.00,-5522.00
Zbigniew,Holmes,zbigniew.holmes@stiffel.net,9300.00,3431.00,5869.00
Gian,Long,gian.long@hotmail.com,9300.00,14025.00,-4725.00
Laure,Traetta,laure.traetta@kay-perkins.co.uk,9300.00,4124.00,5176.00
Ian,Kelly,ian.kelly@reeves.com.au,9300.00,11255.00,-1955.00
Erica,Zambrano,erica.zambrano@gmail.com,9300.00,3232.00,6068.00
Bill,Gallagher,bill.gallagher@green.com,9200.00,9339.00,-139.00
Derrick,Little,derrick.little@small.org,9200.00,10093.00,-893.00
Rita,Sharp,rita.sharp@beard-scott.edu.au,9200.00,12129.00,-2929.00
Andrey,Faure,andrey.faure@frederick-mitchell.info,9200.00,12322.00,-3122.00
Kim,Webb,kim.webb@yahoo.com.au,9200.00,13382.00,-4182.00
Madeleine,Cooper,madeleine.cooper@poste.it,9100.00,12678.00,-3578.00
Blanka,Villareal,blanka.villareal@monduzzi.net,9100.00,8906.00,194.00
Janet,Madrigal,janet.madrigal@gmail.com,9100.00,5803.00,3297.00
Stephanie,King,stephanie.king@cervantes.com,9100.00,6089.00,3011.00
Kenneth,Hurst,kenneth.hurst@meunier.net,9100.00,7438.00,1662.00
Enzio,Campos,enzio.campos@tim.it,9100.00,1843.00,7257.00
Cameron,Ocampo,cameron.ocampo@hotmail.com.au,9100.00,12991.00,-3891.00
Gerda,Cook,gerda.cook@tin.it,9100.00,7656.00,1444.00
Sheila,Goodwin,sheila.goodwin@yahoo.com,9000.00,14455.00,-5455.00
Thibault,Savorgnan,thibault.savorgnan@butler.biz,9000.00,4896.00,4104.00
Espartaco,Willis,espartaco.willis@hotmail.com,9000.00,3496.00,5504.00
Rodney,Hamon,rodney.hamon@hotmail.com,9000.00,11619.00,-2619.00
Ermenegildo,Holzapfel,ermenegildo.holzapfel@aol.de,9000.00,11721.00,-2721.00
Santiago,Berry,santiago.berry@aol.de,9000.00,3351.00,5649.00
Philippine,Vaca,philippine.vaca@hotmail.com,9000.00,4853.00,4147.00
Elsa,Cugia,elsa.cugia@yahoo.com,9000.00,8866.00,134.00
Leokadia,Verdier,leokadia.verdier@hotmail.com.au,9000.00,7227.00,1773.00
Marissa,Gaito,marissa.gaito@reed-campbell.edu,8900.00,4509.00,4391.00
Raven,Pinto,raven.pinto@hotmail.com,8900.00,14685.00,-5785.00
Kevin,Delahaye,kevin.delahaye@ellis-wilson.com,8900.00,13065.00,-4165.00
Penny,Watson,penny.watson@matthews.net,8900.00,2148.00,6752.00
Florencia,Querini,florencia.querini@gmail.com,8800.00,1518.00,7282.00
Coriolano,Higgins,coriolano.higgins@murphy.org.au,8800.00,9317.00,-517.00
Abdul,Thomas,abdul.thomas@vasari.com,8800.00,12356.00,-3556.00
Nuray,Anguillara,nuray.anguillara@yahoo.co.uk,8800.00,8747.00,53.00
Pero,Joly,pero.joly@bernard.net,8800.00,14878.00,-6078.00
Natalia,Seifert,natalia.seifert@ifrance.com,8800.00,2703.00,6097.00
Brunhilde,Fletcher,brunhilde.fletcher@schomber.de,8800.00,2437.00,6363.00
Berthold,Randall,berthold.randall@mcdonald.com,8800.00,622.00,8178.00
Giuseppe,Lee,giuseppe.lee@mahe.org,8700.00,4414.00,4286.00
Slobodan,Camiscione,slobodan.camiscione@hotmail.com,8700.00,3227.00,5473.00
Jeffrey,Trommler,jeffrey.trommler@yahoo.com,8700.00,4531.00,4169.00
Graham,Bajardi,graham.bajardi@yahoo.com,8700.00,1577.00,7123.00
Umberto,Hicks,umberto.hicks@hill.com,8700.00,11075.00,-2375.00
Matthew,Velasquez,matthew.velasquez@gmail.com,8700.00,4710.00,3990.00
Swantje,Lomeli,swantje.lomeli@gmx.de,8700.00,10682.00,-1982.00
Tony,Nicolas,tony.nicolas@morrocco-seddio.net,8600.00,3589.00,5011.00
Caroline,Reeves,caroline.reeves@yahoo.com,8600.00,4832.00,3768.00
Ryan,Kim,ryan.kim@noos.fr,8600.00,4797.00,3803.00
Arnaude,Warner,arnaude.warner@gmail.com,8600.00,5315.00,3285.00
Catalina,Pizzetti,catalina.pizzetti@tim.it,8600.00,8656.00,-56.00
Rotraud,Mitchell,rotraud.mitchell@laboratorios.com,8600.00,13527.00,-4927.00
Ettore,Amaldi,ettore.amaldi@germain.com,8500.00,14488.00,-5988.00
Katherina,Barrientos,katherina.barrientos@trobbiani.eu,8500.00,6750.00,1750.00
Pierpaolo,Scaduto,pierpaolo.scaduto@sanders-gibson.com.au,8500.00,4613.00,3887.00
Ellie,Galarza,ellie.galarza@pareto-cattaneo.net,8400.00,10770.00,-2370.00
Victoria,Ojeda,victoria.ojeda@doehn.com,8400.00,3188.00,5212.00
Estela,Segovia,estela.segovia@vodafone.it,8400.00,11261.00,-2861.00
Ben,Maillot,ben.maillot@ramos.net,8400.00,3251.00,5149.00
Brent,Pons,brent.pons@proyectos.net,8400.00,9076.00,-676.00
Olivie,Contarini,olivie.contarini@marshall-wright.biz,8400.00,10729.00,-2329.00
Alban,Barbier,alban.barbier@ortiz.org,8300.00,3260.00,5040.00
Jonas,Badoer,jonas.badoer@kennedy.biz,8300.00,8317.00,-17.00
Liam,Rolland,liam.rolland@yahoo.fr,8300.00,9337.00,-1037.00
Diane,Rogner,diane.rogner@kelly.co.uk,8300.00,6543.00,1757.00
Damian,Pulido,damian.pulido@yahoo.de,8300.00,2111.00,6189.00
Lolita,Borrego,lolita.borrego@gmail.com,8300.00,12944.00,-4644.00
Adrian,Noel,adrian.noel@perrin.com,8300.00,14827.00,-6527.00
Jemma,Tate,jemma.tate@hotmail.de,8200.00,2625.00,5575.00
Vicente,Tijerina,vicente.tijerina@montanariello.com,8200.00,5178.00,3022.00
Timothy,Weitzel,timothy.weitzel@gmail.com,8200.00,1546.00,6654.00
Lorenzo,Roero,lorenzo.roero@hotmail.co.uk,8200.00,1136.00,7064.00
Patricia,Liebelt,patricia.liebelt@baca.org,8100.00,1517.00,6583.00
Natasha,Lara,natasha.lara@outlook.com,8100.00,12300.00,-4200.00
Fabrizia,Renard,fabrizia.renard@higgins-marks.com,8100.00,5487.00,2613.00
Veronica,Trapp,veronica.trapp@tiscali.it,8100.00,14083.00,-5983.00
Victoire,Travaglia,victoire.travaglia@zacchia.com,8100.00,9969.00,-1869.00
Gerald,Olivera,gerald.olivera@outlook.com,8100.00,11339.00,-3239.00
Istvan,Draghi,istvan.draghi@ifrance.com,8100.00,6086.00,2014.00
Antonino,Bolander,antonino.bolander@gmail.com,8000.00,12985.00,-4985.00
Jeremy,Gomez,jeremy.gomez@oconnor.org,8000.00,11493.00,-3493.00
Karina,Arreola,karina.arreola@yahoo.com.au,8000.00,2758.00,5242.00
Carla,Butler,carla.butler@yahoo.com,8000.00,13656.00,-5656.00
Angelo,Lozano,angelo.lozano@macias.com,8000.00,7220.00,780.00
Corrado,Warren,corrado.warren@hotmail.com.au,7900.00,5465.00,2435.00
Marisa,Renaud,marisa.renaud@smith.org,7900.00,8550.00,-650.00
Birgit,Pena,birgit.pena@armellini.it,7900.00,667.00,7233.00
Werner,Kallert,werner.kallert@gmail.com,7900.00,12955.00,-5055.00
Steven,Folliero,steven.folliero@noos.fr,7900.00,5113.00,2787.00
Katharine,Zaccagnini,katharine.zaccagnini@hotmail.com,7900.00,7875.00,25.00
Puccio,Kitzmann,puccio.kitzmann@yahoo.com,7900.00,1901.00,5999.00
Pascual,Corradi,pascual.corradi@lopez.net.au,7900.00,5729.00,2171.00
Louis,Gilbert,louis.gilbert@gmail.com,7800.00,8161.00,-361.00
Alphons,Simmons,alphons.simmons@hotmail.com,7800.00,2289.00,5511.00
Phyllis,Gurule,phyllis.gurule@rodriguez-pham.com,7800.00,6132.00,1668.00
Matthieu,Mcdonald,matthieu.mcdonald@morrison.org,7800.00,4275.00,3525.00
Vincentio,Sanders,vincentio.sanders@voila.fr,7800.00,6839.00,961.00
Uriel,Holt,uriel.holt@gmail.com,7800.00,9289.00,-1489.00
Maggie,Boito,maggie.boito@yahoo.com,7800.00,1586.00,6214.00
Terry,Ramirez,terry.ramirez@hotmail.co.uk,7800.00,3839.00,3961.00
Aaron,Anaya,aaron.anaya@hotmail.com.au,7800.00,3144.00,4656.00
Ramona,Brooks,ramona.brooks@kensy.de,7800.00,10704.00,-2904.00
Sole,Trevino,sole.trevino@hotmail.com,7700.00,6920.00,780.00
Eraldo,Schmiedt,eraldo.schmiedt@hotmail.de,7700.00,14644.00,-6944.00
Kristie,Garrett,kristie.garrett@wernecke.com,7700.00,2533.00,5167.00
Gerardo,Hamilton,gerardo.hamilton@libero.it,7700.00,5488.00,2212.00
Ruggero,Parpinel,ruggero.parpinel@gmail.com,7700.00,6369.00,1331.00
Luis,Edwards,luis.edwards@live.com,7600.00,14951.00,-7351.00
Juliette,Preston,juliette.preston@gmail.com,7600.00,8332.00,-732.00
Pauline,Ackermann,pauline.ackermann@arredondo-roque.com,7600.00,11061.00,-3461.00
Evangelista,Pereira,evangelista.pereira@thompson-peterson.biz,7600.00,4603.00,2997.00
Samuel,Sorgatz,samuel.sorgatz@gmail.com,7600.00,5265.00,2335.00
Socorro,Luna,socorro.luna@hotmail.com,7600.00,13195.00,-5595.00
Margot,Tomaselli,margot.tomaselli@junck.org,7500.00,14381.00,-6881.00
Randall,Connolly,randall.connolly@jovinelli-castelli.com,7500.00,11969.00,-4469.00
Ron,Cavazos,ron.cavazos@yahoo.com,7500.00,6924.00,576.00
Angelina,Davies,angelina.davies@hotmail.com,7500.00,5803.00,1697.00
Lilla,Leonard,lilla.leonard@jungfer.com,7500.00,8181.00,-681.00
Brandon,Olson,brandon.olson@prince-moreno.net,7400.00,12405.00,-5005.00
Desiree,Huerta,desiree.huerta@morris.com,7400.00,8432.00,-1032.00
Bekir,Normand,bekir.normand@yahoo.de,7400.00,10451.00,-3051.00
Kasimir,Jaime,kasimir.jaime@gmail.com,7400.00,6245.00,1155.00
Babette,Dumas,babette.dumas@brady.net,7300.00,2946.00,4354.00
Federigo,Karge,federigo.karge@bohlander.com,7300.00,2594.00,4706.00
Karla,Medici,karla.medici@yahoo.com,7300.00,7348.00,-48.00
Megan,Kuhl,megan.kuhl@despacho.com,7300.00,717.00,6583.00
Mauricio,Saunders,mauricio.saunders@hotmail.co.uk,7300.00,11579.00,-4279.00
Allan,Emanuelli,allan.emanuelli@fernandes.org,7300.00,11228.00,-3928.00
Grace,Kroker,grace.kroker@hotmail.com,7200.00,6115.00,1085.00
Tammy,Ramazzotti,tammy.ramazzotti@gmail.com,7200.00,2459.00,4741.00
Wilfrido,Lorch,wilfrido.lorch@leclerc.fr,7200.00,6336.00,864.00
Peter,Vogt,peter.vogt@yahoo.com,7200.00,13653.00,-6453.00
Reingard,Kambs,reingard.kambs@sagese.eu,7200.00,2912.00,4288.00
Luc,Quinn,luc.quinn@walker.com,7200.00,3301.00,3899.00
Alf,Bates,alf.bates@dunn.com,7200.00,3326.00,3874.00
Jos,Trobbiani,jos.trobbiani@samson.com,7200.00,6785.00,415.00
Gerd,Gunpf,gerd.gunpf@gmail.com,7200.00,5523.00,1677.00
Emily,Cundari,emily.cundari@clark.com.au,7200.00,6927.00,273.00
Livio,Rosselli,livio.rosselli@green.co.uk,7100.00,5824.00,1276.00
Trevor,Granados,trevor.granados@gmail.com,7100.00,1022.00,6078.00
Lara,Jacob,lara.jacob@buckley.org,7100.00,8716.00,-1616.00
June,Sinisi,june.sinisi@manzoni-giannini.it,7100.00,9238.00,-2138.00
Manfred,James,manfred.james@davies.org,7100.00,11648.00,-4548.00
Arthur,Salazar,arthur.salazar@yahoo.com.au,7100.00,4899.00,2201.00
Heiderose,Garcia,heiderose.garcia@noos.fr,7100.00,3840.00,3260.00
Francisca,Becerra,francisca.becerra@young.com.au,7000.00,5177.00,1823.00
Donatello,Millet,donatello.millet@fritsch.net,7000.00,1744.00,5256.00
Alwina,Textor,alwina.textor@poste.it,7000.00,12939.00,-5939.00
Alain,Farmer,alain.farmer@hotmail.it,6900.00,2091.00,4809.00
Bozena,Schmitt,bozena.schmitt@vallet.com,6900.00,13212.00,-6312.00
Margrit,Hooper,margrit.hooper@douglas.com,6900.00,12155.00,-5255.00
Cory,Stewart,cory.stewart@voila.fr,6900.00,11174.00,-4274.00
Devin,Ebert,devin.ebert@yahoo.fr,6900.00,10557.00,-3657.00
Magarete,Valentin,magarete.valentin@yahoo.com,6800.00,14865.00,-8065.00
Paulina,Miller,paulina.miller@lewis-barker.com,6800.00,5579.00,1221.00
Editha,Savage,editha.savage@davies.co.uk,6800.00,10723.00,-3923.00
Ottone,Sullivan,ottone.sullivan@hussain-kaur.com,6800.00,9829.00,-3029.00
Aurelio,Gertz,aurelio.gertz@hewitt.net,6700.00,8917.00,-2217.00
Alexander,Pausini,alexander.pausini@gonzalez.info,6700.00,7496.00,-796.00
Marianne,Hubert,marianne.hubert@hotmail.com,6700.00,12939.00,-6239.00
Ippazio,Angulo,ippazio.angulo@yahoo.com,6700.00,11941.00,-5241.00
Samira,Bottaro,samira.bottaro@vasseur.fr,6700.00,5569.00,1131.00
Gelsomina,Migliaccio,gelsomina.migliaccio@junk.com,6600.00,4814.00,1786.00
Antonio,Gibson,antonio.gibson@faust.net,6600.00,11746.00,-5146.00
Cristal,Mazzini,cristal.mazzini@gmail.com,6600.00,8276.00,-1676.00
Melinda,Canova,melinda.canova@orange.fr,6600.00,1269.00,5331.00
Nancy,Hayes,nancy.hayes@hotmail.com,6600.00,3012.00,3588.00
Virginie,McLean,virginie.mclean@yahoo.com,6500.00,9910.00,-3410.00
Pierre,Cardenas,pierre.cardenas@luzi-bonomo.eu,6500.00,514.00,5986.00
Hazel,Pierce,hazel.pierce@outlook.com,6500.00,5897.00,603.00
Agathe,Dias,agathe.dias@jackson.com,6500.00,795.00,5705.00
Kaitlyn,Farinelli,kaitlyn.farinelli@outlook.com,6500.00,1065.00,5435.00
Yuridia,Fantozzi,yuridia.fantozzi@mcdonald.com,6400.00,8890.00,-2490.00
Jack,Klapp,jack.klapp@hotmail.com.au,6400.00,3676.00,2724.00
Rufino,Gallegos,rufino.gallegos@webster-newton.co.uk,6400.00,12129.00,-5729.00
Anastasie,Cadena,anastasie.cadena@live.com,6400.00,13205.00,-6805.00
Pasquale,Tomasini,pasquale.tomasini@hotmail.co.uk,6400.00,12360.00,-5960.00
Katherine,Cooley,katherine.cooley@yahoo.com,6300.00,14089.00,-7789.00
Sandra,Hardy,sandra.hardy@web.de,6300.00,5629.00,671.00
Stanley,Mills,stanley.mills@parker-lee.biz,6300.00,5674.00,626.00
Beverley,Telesio,beverley.telesio@regnier.fr,6300.00,13018.00,-6718.00
Jamie,Peacock,jamie.peacock@interiano-nordio.com,6300.00,13213.00,-6913.00
Brianna,Hanson,brianna.hanson@stanley.com,6300.00,12812.00,-6512.00
Jenna,Day,jenna.day@reed.com,6300.00,14199.00,-7899.00
Caleb,Benavides,caleb.benavides@rubio.com,6300.00,3030.00,3270.00
Ivan,Accardo,ivan.accardo@web.de,6300.00,9935.00,-3635.00
Gionata,Hussain,gionata.hussain@yahoo.com,6200.00,11280.00,-5080.00
Shelley,Perry,shelley.perry@gierschner.de,6200.00,1260.00,4940.00
Francesca,Kade,francesca.kade@luna-rael.org,6200.00,6269.00,-69.00
Nicolas,Palacios,nicolas.palacios@meraz.com,6200.00,12216.00,-6016.00
Danielle,Ladeck,danielle.ladeck@scalfaro.net,6200.00,3208.00,2992.00
Leah,Ornelas,leah.ornelas@gmail.com,6200.00,13441.00,-7241.00
Paula,Canales,paula.canales@gilmore-guerrero.com,6200.00,10938.00,-4738.00
Mehdi,Todd,mehdi.todd@web.de,6200.00,13632.00,-7432.00
Lando,Gutierrez,lando.gutierrez@heser.com,6200.00,8645.00,-2445.00
Eddie,Collazo,eddie.collazo@gmail.com,6200.00,13103.00,-6903.00
Susanna,Bonneau,susanna.bonneau@klingelhoefer.de,6100.00,6527.00,-427.00
Ubaldo,Brown,ubaldo.brown@philippe.com,6100.00,14405.00,-8305.00
Nayeli,Gehringer,nayeli.gehringer@hotmail.com,6100.00,7548.00,-1448.00
Maria,Nguyen,maria.nguyen@hernadez.com,6100.00,10012.00,-3912.00
Olivier,Petrucelli,olivier.petrucelli@letta-raurica.eu,6100.00,3352.00,2748.00
Silvester,Brookes,silvester.brookes@franco.org,6100.00,9134.00,-3034.00
Carin,Pineau,carin.pineau@yahoo.com,6000.00,13835.00,-7835.00
Justin,Luxardo,justin.luxardo@googlemail.com,6000.00,5392.00,608.00
Jill,Barrios,jill.barrios@gmail.com,6000.00,11960.00,-5960.00
Annie,Hunter,annie.hunter@allen.co.uk,6000.00,12468.00,-6468.00
Anna,Freeman,anna.freeman@snyder.net,6000.00,5438.00,562.00
Gottfried,Barbe,gottfried.barbe@hotmail.com,6000.00,3841.00,2159.00
Abelardo,Castro,abelardo.castro@gmail.com,6000.00,6484.00,-484.00
Alberto,Girschner,alberto.girschner@laboratorios.com,5900.00,4997.00,903.00
Rolando,Bibi,rolando.bibi@tin.it,5900.00,6608.00,-708.00
Durante,Lindner,durante.lindner@picard.fr,5900.00,9520.00,-3620.00
Austin,Musatti,austin.musatti@tin.it,5800.00,7966.00,-2166.00
Ludovico,Cafarchia,ludovico.cafarchia@gmail.com,5800.00,12174.00,-6374.00
Gavin,Proietti,gavin.proietti@gmx.de,5800.00,5362.00,438.00
Katie,Andersen,katie.andersen@haney.com.au,5800.00,11539.00,-5739.00
Mohammad,Hartung,mohammad.hartung@hotmail.com,5700.00,903.00,4797.00
Rupert,Valle,rupert.valle@filogamo.it,5700.00,14508.00,-8808.00
Joanna,Baxter,joanna.baxter@bruce-wright.com,5700.00,12309.00,-6609.00
Michael,Descamps,michael.descamps@gmail.com,5700.00,8322.00,-2622.00
Mandy,Weston,mandy.weston@free.fr,5700.00,6800.00,-1100.00
Michela,Pruvost,michela.pruvost@holt.co.uk,5600.00,8746.00,-3146.00
Gary,Armani,gary.armani@web.de,5600.00,2445.00,3155.00
Giacinto,Briggs,giacinto.briggs@yahoo.co.uk,5600.00,6338.00,-738.00
Chad,Turner,chad.turner@gmail.com,5600.00,11924.00,-6324.00
Nico,Kaiser,nico.kaiser@almonte.com,5600.00,9508.00,-3908.00
Reiner,Poerio,reiner.poerio@yahoo.com,5600.00,2769.00,2831.00
Leif,Monnier,leif.monnier@querini.it,5600.00,13868.00,-8268.00
Rochus,Rousseau,rochus.rousseau@nguyen.com,5600.00,10397.00,-4797.00
Giorgia,Dijoux,giorgia.dijoux@paul.com,5600.00,5476.00,124.00
Guglielmo,Caldwell,guglielmo.caldwell@loeffler.com,5600.00,10328.00,-4728.00
Pam,Vargas,pam.vargas@guillot.net,5500.00,5324.00,176.00
Riza,Techer,riza.techer@yahoo.com,5500.00,12274.00,-6774.00
Calcedonio,Remy,calcedonio.remy@edwards-benton.com,5500.00,11952.00,-6452.00
Francisco,Dorsey,francisco.dorsey@tiscali.fr,5500.00,9546.00,-4046.00
Evan,Schacht,evan.schacht@price.com,5500.00,4678.00,822.00
Cilly,Gay,cilly.gay@callegaro.it,5500.00,11904.00,-6404.00
Lore,Delaunay,lore.delaunay@yahoo.com,5500.00,8964.00,-3464.00
Karl,Trevisani,karl.trevisani@anguissola.it,5500.00,4300.00,1200.00
Elliott,Herrmann,elliott.herrmann@hotmail.com.au,5400.00,8366.00,-2966.00
Ellinor,Leclercq,ellinor.leclercq@gmail.com,5400.00,8109.00,-2709.00
Phillip,Soliz,phillip.soliz@outlook.com,5400.00,6351.00,-951.00
Natalie,Lerma,natalie.lerma@boucher.com,5400.00,7322.00,-1922.00
Pamela,Payne,pamela.payne@yahoo.com,5400.00,14743.00,-9343.00
Eloisa,Pascarella,eloisa.pascarella@gmail.com,5400.00,10731.00,-5331.00
Ludger,Naccari,ludger.naccari@ingram.biz,5400.00,903.00,4497.00
Griselda,Carranza,griselda.carranza@krause.de,5300.00,9749.00,-4449.00
Alicia,Cainero,alicia.cainero@yahoo.com,5300.00,8475.00,-3175.00
Harry,Fouquet,harry.fouquet@ibarra-cooper.com,5300.00,4432.00,868.00
Ferdi,Blackburn,ferdi.blackburn@christensen.net,5300.00,11663.00,-6363.00
Renee,Merino,renee.merino@gmail.com,5300.00,14097.00,-8797.00
Valerie,Ortega,valerie.ortega@tele2.it,5300.00,6342.00,-1042.00
Margaret,Eigenwillig,margaret.eigenwillig@yahoo.com,5300.00,7413.00,-2113.00
Tim,Bradley,tim.bradley@schlosser.de,5300.00,9676.00,-4376.00
Ruby,Carriera,ruby.carriera@hotmail.it,5300.00,1592.00,3708.00
Guillermo,Larsen,guillermo.larsen@yahoo.com,5200.00,12467.00,-7267.00
Siegrun,Mota,siegrun.mota@matthews-montoya.org.au,5200.00,8330.00,-3130.00
Anel,Carpentier,anel.carpentier@klein-joseph.org,5200.00,3079.00,2121.00
Ria,Venier,ria.venier@murillo-estevez.com,5200.00,1583.00,3617.00
Herlinde,George,herlinde.george@free.fr,5200.00,14394.00,-9194.00
Tatiana,Thompson,tatiana.thompson@hunt.net,5200.00,13838.00,-8638.00
Carolina,Murray,carolina.murray@knight.com,5200.00,1090.00,4110.00
Aleksandr,Weiss,aleksandr.weiss@blanc.org,5200.00,702.00,4498.00
Wolf,Lutz,wolf.lutz@nichols-jackson.com.au,5100.00,5421.00,-321.00
Nicole,Mccullough,nicole.mccullough@hall.com,5100.00,3525.00,1575.00
Deanna,Aporti,deanna.aporti@bouygtel.fr,5100.00,12219.00,-7119.00
Eduardo,Delattre,eduardo.delattre@lynch.net.au,5100.00,1414.00,3686.00
Jessika,Meunier,jessika.meunier@gmx.de,5100.00,2064.00,3036.00
Camillo,Dehmel,camillo.dehmel@brown-campbell.com,5100.00,9817.00,-4717.00
Esteban,Valdez,esteban.valdez@hotmail.com,5100.00,14249.00,-9149.00
Angelica,Cuellar,angelica.cuellar@zaguri-bellucci.net,5100.00,10981.00,-5881.00
Hanna,Reid,hanna.reid@salas.org,5100.00,574.00,4526.00
Jutta,Burke,jutta.burke@elliott.com,5000.00,8907.00,-3907.00
Alex,Smith,alex.smith@fournier.fr,5000.00,10748.00,-5748.00
Paul,Palladio,paul.palladio@mclaughlin.net.au,5000.00,6423.00,-1423.00
Heidelore,Kennedy,heidelore.kennedy@guinizzelli.org,5000.00,13424.00,-8424.00
Tristan,Weeks,tristan.weeks@pena.com,5000.00,11502.00,-6502.00
Natividad,Wong,natividad.wong@hoevel.com,5000.00,7119.00,-2119.00
Dragica,West,dragica.west@yahoo.com.au,5000.00,1332.00,3668.00
Sevim,Begue,sevim.begue@yahoo.com.au,5000.00,6775.00,-1775.00
Jo,Mccarty,jo.mccarty@hotmail.com,4900.00,2505.00,2395.00
Briana,Etienne,briana.etienne@bishop-coates.com,4900.00,6430.00,-1530.00
Victor,Jacobs,victor.jacobs@young.com,4900.00,14273.00,-9373.00
Robert,Bruder,robert.bruder@manzoni.com,4900.00,8523.00,-3623.00
Manon,Daugherty,manon.daugherty@segre.com,4900.00,13250.00,-8350.00
Marlen,Coardi,marlen.coardi@colletti.eu,4900.00,6031.00,-1131.00
Edda,Ferraris,edda.ferraris@libero.it,4900.00,11214.00,-6314.00
Tonino,Stanley,tonino.stanley@hotmail.com,4900.00,521.00,4379.00
Barbara,Guibert,barbara.guibert@casares-sanches.com,4800.00,12516.00,-7716.00
Ernest,Delorme,ernest.delorme@dowerg.de,4800.00,6623.00,-1823.00
Mathew,Maestas,mathew.maestas@casas-garrido.com,4800.00,3045.00,1755.00
Shannon,Lefevre,shannon.lefevre@gmail.com,4800.00,11088.00,-6288.00
Dario,Green,dario.green@live.com,4800.00,7797.00,-2997.00
Gudrun,Mueller,gudrun.mueller@dillon-fuller.info,4700.00,12635.00,-7935.00
David,Rudolph,david.rudolph@nelson.com,4700.00,557.00,4143.00
Emma,Rios,emma.rios@yahoo.com.au,4700.00,12065.00,-7365.00
Galasso,Junken,galasso.junken@yahoo.co.uk,4700.00,11174.00,-6474.00
Martina,Heser,martina.heser@morellato.it,4700.00,7992.00,-3292.00
Metin,Coulon,metin.coulon@ashley.com,4700.00,8829.00,-4129.00
Auguste,Burnett,auguste.burnett@yahoo.fr,4600.00,8505.00,-3905.00
Hector,Morrison,hector.morrison@web.de,4500.00,13985.00,-9485.00
Katelyn,Cole,katelyn.cole@fiebig.com,4500.00,14942.00,-10442.00
Gregory,Jackson,gregory.jackson@ortiz.com,4500.00,14649.00,-10149.00
Kayla,Moon,kayla.moon@yahoo.de,4500.00,14741.00,-10241.00
Gunhild,Carrillo,gunhild.carrillo@elliott-gilbert.org,4500.00,1863.00,2637.00
Denny,Fritz,denny.fritz@despacho.biz,4500.00,13536.00,-9036.00
Oscar,Holsten,oscar.holsten@yahoo.com,4500.00,7496.00,-2996.00
Rosalia,Toro,rosalia.toro@free.fr,4300.00,11642.00,-7342.00
Etta,Gutknecht,etta.gutknecht@leconte.net,4300.00,6358.00,-2058.00
Agnolo,Cedillo,agnolo.cedillo@laboratorios.biz,4300.00,11525.00,-7225.00
Jeanette,Iannotti,jeanette.iannotti@yahoo.com,4200.00,2477.00,1723.00
Iris,Trincavelli,iris.trincavelli@tiscali.fr,4200.00,689.00,3511.00
Lewis,Lewis,lewis.lewis@pisano.net,4200.00,735.00,3465.00
Adriano,Wulf,adriano.wulf@schmidtke.net,4200.00,13404.00,-9204.00
Lotti,Morris,lotti.morris@yahoo.co.uk,4200.00,10295.00,-6095.00
Ricciotti,Laureano,ricciotti.laureano@parsons.com,4200.00,6870.00,-2670.00
Abbie,Galeati,abbie.galeati@ubaldi.it,4200.00,14577.00,-10377.00
Reina,Middleton,reina.middleton@hotmail.com,4200.00,2212.00,1988.00
Angela,Bowers,angela.bowers@laboratorios.com,4100.00,959.00,3141.00
Wilfriede,Baca,wilfriede.baca@caraballo.com,4100.00,14640.00,-10540.00
Federico,Marie,federico.marie@jourdan.fr,4100.00,3087.00,1013.00
Kornelius,Molina,kornelius.molina@heuser.com,4000.00,11948.00,-7948.00
Wendy,Bustos,wendy.bustos@libero.it,4000.00,1620.00,2380.00
Graziella,Vidal,graziella.vidal@hotmail.com,4000.00,12886.00,-8886.00
Dorothe,Paz,dorothe.paz@fiebig.de,4000.00,14606.00,-10606.00
Yvette,Harding,yvette.harding@yahoo.co.uk,4000.00,2778.00,1222.00
Helen,Polanco,helen.polanco@hotmail.com,4000.00,1763.00,2237.00
Graziano,Jensen,graziano.jensen@gmail.com,3900.00,504.00,3396.00
Mark,Trapanese,mark.trapanese@gmail.com,3900.00,8125.00,-4225.00
Diana,Schuchhardt,diana.schuchhardt@libero.it,3900.00,4776.00,-876.00
Esmeralda,Sollima,esmeralda.sollima@visintini.it,3900.00,14006.00,-10106.00
Leonardo,Guzman,leonardo.guzman@andreozzi-abba.com,3900.00,11075.00,-7175.00
Elena,Jimenez,elena.jimenez@yahoo.com.au,3900.00,9419.00,-5519.00
Imelda,Guerin,imelda.guerin@stumpf.net,3800.00,2241.00,1559.00
Fiorenzo,Bauer,fiorenzo.bauer@gmail.com,3800.00,9021.00,-5221.00
Javier,Tessier,javier.tessier@mclaughlin.biz,3800.00,1954.00,1846.00
Patrick,Rosas,patrick.rosas@yahoo.com,3800.00,6000.00,-2200.00
Lodovico,Conley,lodovico.conley@yahoo.com,3700.00,5028.00,-1328.00
Bonnie,Cignaroli,bonnie.cignaroli@yahoo.com,3700.00,1343.00,2357.00
Walli,Albert,walli.albert@dussen.com,3700.00,13755.00,-10055.00
Martino,Wagner,martino.wagner@laposte.net,3700.00,4247.00,-547.00
Edward,Scott,edward.scott@yahoo.com,3700.00,5107.00,-1407.00
Vanesa,Khan,vanesa.khan@voila.fr,3700.00,2538.00,1162.00
Giacomo,Bouvet,giacomo.bouvet@gmail.com,3700.00,13164.00,-9464.00
Carolyn,Charpentier,carolyn.charpentier@hotmail.de,3700.00,10422.00,-6722.00
Danny,Farrell,danny.farrell@hotmail.com,3600.00,2097.00,1503.00
Tobias,Carbajal,tobias.carbajal@live.com,3600.00,3174.00,426.00
Paulo,Zito,paulo.zito@nelson.biz,3600.00,10657.00,-7057.00
Travis,Cowan,travis.cowan@turner.info,3600.00,10289.00,-6689.00
Nathan,Jennings,nathan.jennings@kim.com,3600.00,8363.00,-4763.00
Rosmarie,Esquibel,rosmarie.esquibel@bouygtel.fr,3600.00,10550.00,-6950.00
Gordon,Vigorelli,gordon.vigorelli@solano.com,3600.00,13950.00,-10350.00
Toni,Magrassi,toni.magrassi@gmail.com,3600.00,961.00,2639.00
Morgan,Irizarry,morgan.irizarry@williams-harris.biz,3600.00,8158.00,-4558.00
Marisol,Richard,marisol.richard@gmail.com,3500.00,8842.00,-5342.00
Felix,Rubio,felix.rubio@ebert.de,3500.00,6560.00,-3060.00
Alwine,Kostolzin,alwine.kostolzin@holloway.com,3500.00,6204.00,-2704.00
Octavio,Pratt,octavio.pratt@web.de,3500.00,8864.00,-5364.00
Romana,Blanchard,romana.blanchard@googlemail.com,3500.00,3295.00,205.00
Mirjam,Dawson,mirjam.dawson@yahoo.com,3500.00,5037.00,-1537.00
Valeria,Rich,valeria.rich@turchetta-mondadori.it,3500.00,10850.00,-7350.00
Nanni,Almaraz,nanni.almaraz@martin.com,3500.00,3930.00,-430.00
Silvia,Gierschner,silvia.gierschner@tele2.it,3500.00,6527.00,-3027.00
Ingolf,Zamora,ingolf.zamora@yahoo.com.au,3400.00,12100.00,-8700.00
Daniela,Bell,daniela.bell@vollbrecht.org,3400.00,8588.00,-5188.00
Ashley,Hellwig,ashley.hellwig@libero.it,3400.00,5823.00,-2423.00
Francis,Bernier,francis.bernier@rodriguez.com,3400.00,12275.00,-8875.00
Rosario,Jacques,rosario.jacques@yahoo.com,3400.00,6405.00,-3005.00
Stanislaw,Montalvo,stanislaw.montalvo@mcpherson-hughes.info,3400.00,6408.00,-3008.00
Homero,Respighi,homero.respighi@gmail.com,3400.00,8089.00,-4689.00
Bernard,Durand,bernard.durand@royer.com,3400.00,2809.00,591.00
Marie,Zoppetto,marie.zoppetto@kallert.de,3300.00,1980.00,1320.00
Antoine,Guyon,antoine.guyon@yahoo.com,3300.00,14643.00,-11343.00
Christina,Besnard,christina.besnard@delorme.com,3300.00,6178.00,-2878.00
Melissa,Canali,melissa.canali@libero.it,3300.00,12437.00,-9137.00
Roland,Weihmann,roland.weihmann@gmail.com,3300.00,3834.00,-534.00
Hartwig,Roberts,hartwig.roberts@saraceno.net,3200.00,13264.00,-10064.00
Leopoldo,Johnson,leopoldo.johnson@hotmail.com.au,3200.00,3127.00,73.00
Luca,Moses,luca.moses@franke.de,3200.00,10831.00,-7631.00
Petros,Gaona,petros.gaona@googlemail.com,3200.00,7661.00,-4461.00
Maximilian,Siering,maximilian.siering@gaito-fornaciari.org,3200.00,2950.00,250.00
Julio,Renner,julio.renner@industrias.net,3100.00,13223.00,-10123.00
Jaqueline,Wallace,jaqueline.wallace@gmail.com,3100.00,10085.00,-6985.00
Donatella,Burns,donatella.burns@yahoo.de,3100.00,1985.00,1115.00
Christelle,Blasi,christelle.blasi@morris-chan.com,3100.00,12620.00,-9520.00
Brandi,Abbagnale,brandi.abbagnale@tele2.fr,3100.00,9889.00,-6789.00
Tania,Chapman,tania.chapman@remy.com,3000.00,11091.00,-8091.00
Giancarlo,Heydrich,giancarlo.heydrich@hotmail.com,3000.00,10999.00,-7999.00
Joshua,Scheibe,joshua.scheibe@turci.org,3000.00,7758.00,-4758.00
Mirco,Nicolini,mirco.nicolini@blin.net,3000.00,6722.00,-3722.00
Mesut,Morvan,mesut.morvan@gmail.com,2900.00,14771.00,-11871.00
Amico,Gosselin,amico.gosselin@shaw.info,2900.00,10756.00,-7856.00
Clelia,Faulkner,clelia.faulkner@hotmail.com,2900.00,1307.00,1593.00
Regina,Morin,regina.morin@barcaccia.net,2900.00,12449.00,-9549.00
Mary,Etzold,mary.etzold@conrad-harrison.com,2900.00,8807.00,-5907.00
Raymond,Solorzano,raymond.solorzano@gmail.com,2900.00,6243.00,-3343.00
Leone,Richardson,leone.richardson@yahoo.com,2800.00,7742.00,-4942.00
Silvano,Blanchet,silvano.blanchet@yahoo.com,2800.00,977.00,1823.00
Rodolfo,Couturier,rodolfo.couturier@tim.it,2800.00,8014.00,-5214.00
Bryan,Ross,bryan.ross@yahoo.com,2800.00,2734.00,66.00
Diethard,Salgado,diethard.salgado@gmail.com,2800.00,12797.00,-9997.00
Arnaldo,Ocasio,arnaldo.ocasio@hotmail.com,2700.00,1479.00,1221.00
Flora,Harris,flora.harris@hotmail.com.au,2700.00,6132.00,-3432.00
Marc,Aumann,marc.aumann@holland.com,2700.00,8799.00,-6099.00
Isaac,Benard,isaac.benard@googlemail.com,2700.00,7767.00,-5067.00
Pierangelo,Scholtz,pierangelo.scholtz@lefevre.com,2700.00,9967.00,-7267.00
Nicolaus,Bernetti,nicolaus.bernetti@aol.de,2700.00,1012.00,1688.00
Sergio,Abbott,sergio.abbott@moore.net.au,2600.00,10804.00,-8204.00
April,Davids,april.davids@fisher.info,2600.00,12533.00,-9933.00
Irene,Anichini,irene.anichini@yahoo.com,2600.00,9562.00,-6962.00
Romina,Valentine,romina.valentine@hotmail.com,2600.00,6987.00,-4387.00
Scott,Gough,scott.gough@industrias.com,2600.00,1002.00,1598.00
Mauro,Ortiz,mauro.ortiz@oquendo.net,2500.00,4008.00,-1508.00
Dionigi,Bruce,dionigi.bruce@industrias.com,2500.00,14536.00,-12036.00
Xavier,Samson,xavier.samson@baggio.it,2500.00,13684.00,-11184.00
Julia,Ali,julia.ali@yahoo.com,2400.00,12310.00,-9910.00
Micaela,Martel,micaela.martel@hotmail.com,2400.00,11990.00,-9590.00
Fidel,Ruppert,fidel.ruppert@yahoo.co.uk,2400.00,8558.00,-6158.00
Albert,Legendre,albert.legendre@lee.com,2400.00,8117.00,-5717.00
Leonard,Harvey,leonard.harvey@hotmail.com,2400.00,4596.00,-2196.00
Gabriel,Robles,gabriel.robles@yahoo.com,2400.00,10084.00,-7684.00
Juan,Wheeler,juan.wheeler@gilmore.net,2400.00,10138.00,-7738.00
Brandy,Meraz,brandy.meraz@yahoo.com,2400.00,4119.00,-1719.00
Gioele,Schwital,gioele.schwital@moody.com,2400.00,773.00,1627.00
Daniel,Anders,daniel.anders@yahoo.com,2400.00,4477.00,-2077.00
Rebeca,Frey,rebeca.frey@gerard.fr,2300.00,4667.00,-2367.00
Adela,Alfonsi,adela.alfonsi@despacho.com,2300.00,4253.00,-1953.00
Patricio,Guillon,patricio.guillon@web.de,2300.00,8244.00,-5944.00
Sue,Corrales,sue.corrales@cardenas-serna.org,2300.00,6134.00,-3834.00
Jeffery,Lacroix,jeffery.lacroix@medina.org,2300.00,10240.00,-7940.00
Damien,Leger,damien.leger@dixon.biz,2300.00,14150.00,-11850.00
Kristi,Grant,kristi.grant@yahoo.co.uk,2300.00,4883.00,-2583.00
Giuliano,Bolzmann,giuliano.bolzmann@pacillo.it,2200.00,14420.00,-12220.00
Ehrentraud,Puga,ehrentraud.puga@laboratorios.com,2200.00,8501.00,-6301.00
Benito,Gritti,benito.gritti@gmail.com,2200.00,8697.00,-6497.00
Caridad,Carr,caridad.carr@huhn.com,2100.00,1768.00,332.00
Claudia,Bernard,claudia.bernard@mazzanti.it,2100.00,10739.00,-8639.00
Sandro,Moran,sandro.moran@hotmail.de,2100.00,4640.00,-2540.00
Lori,Fagotto,lori.fagotto@hill-anderson.com,2100.00,837.00,1263.00
Michelle,Collier,michelle.collier@peruzzi.it,2100.00,14046.00,-11946.00
Salvador,Gaillard,salvador.gaillard@yahoo.de,2100.00,14305.00,-12205.00
Maurizio,Gute,maurizio.gute@knight.info,2100.00,540.00,1560.00
Corey,Greggio,corey.greggio@johnson.org.au,2100.00,11469.00,-9369.00
Guido,Krein,guido.krein@gmail.com,2000.00,10353.00,-8353.00
Evelin,Odonnell,evelin.odonnell@ibarra.net,2000.00,1599.00,401.00
Nadia,Travaglio,nadia.travaglio@colletti-broggini.com,2000.00,680.00,1320.00
Gianpaolo,Massey,gianpaolo.massey@bouvier.com,2000.00,14240.00,-12240.00
Laurie,Fibonacci,laurie.fibonacci@gmail.com,2000.00,14452.00,-12452.00
Guenther,Armenta,guenther.armenta@free.fr,2000.00,5033.00,-3033.00
Gabrielle,Ayala,gabrielle.ayala@hotmail.com,1900.00,13816.00,-11916.00
Yeni,Tejada,yeni.tejada@olson.edu.au,1900.00,2884.00,-984.00
Alexandrie,Lambert,alexandrie.lambert@yahoo.com,1800.00,10313.00,-8513.00
Adelgunde,Trevisan,adelgunde.trevisan@gmail.com,1800.00,8621.00,-6821.00
Kathy,Zamorani,kathy.zamorani@hotmail.com,1800.00,14310.00,-12510.00
Adam,Zavala,adam.zavala@guichard.fr,1800.00,7991.00,-6191.00
Alma,Raymond,alma.raymond@tin.it,1800.00,4712.00,-2912.00
Mitchell,Bachmann,mitchell.bachmann@suarez-cruz.com,1800.00,968.00,832.00
Lucrezia,Koch,lucrezia.koch@petit.com,1800.00,10755.00,-8955.00
Alexa,Barillaro,alexa.barillaro@ramos.net,1800.00,8219.00,-6419.00
Fridolin,Comboni,fridolin.comboni@graf.com,1800.00,2129.00,-329.00
Marcelle,Bender,marcelle.bender@edwards-robinson.info,1800.00,10658.00,-8858.00
Marion,Lira,marion.lira@ifrance.com,1700.00,3208.00,-1508.00
Gilbert,Cornejo,gilbert.cornejo@hotmail.com,1700.00,12020.00,-10320.00
Eva,Francis,eva.francis@parker.org,1700.00,943.00,757.00
Cristian,Hale,cristian.hale@hotmail.co.uk,1700.00,13468.00,-11768.00
Sophie,Antoine,sophie.antoine@andersen.com,1700.00,11041.00,-9341.00
Lawrence,Vasari,lawrence.vasari@castillo.edu,1700.00,4044.00,-2344.00
Frances,Garnier,frances.garnier@aporti-guidotti.org,1700.00,12202.00,-10502.00
Laetitia,Gallet,laetitia.gallet@aubry.org,1700.00,5328.00,-3628.00
Pierluigi,Taccola,pierluigi.taccola@gmx.de,1600.00,8046.00,-6446.00
Serafina,Bonnin,serafina.bonnin@mendes.com,1600.00,11735.00,-10135.00
Hansjoachim,Lettiere,hansjoachim.lettiere@hall-mcdaniel.net,1600.00,11108.00,-9508.00
Jens,Graham,jens.graham@jones-buckley.com,1600.00,10541.00,-8941.00
Lynn,Lawson,lynn.lawson@leclercq.com,1500.00,8447.00,-6947.00
Ariana,Houston,ariana.houston@hotmail.it,1500.00,12009.00,-10509.00
Gonzalo,Montes,gonzalo.montes@hotmail.com,1500.00,10946.00,-9446.00
Ansaldo,Marks,ansaldo.marks@patel-odonnell.com,1500.00,13980.00,-12480.00
Zachary,Vespucci,zachary.vespucci@industrias.com,1500.00,2708.00,-1208.00
Kyle,Cunningham,kyle.cunningham@voila.fr,1500.00,8929.00,-7429.00
Martin,Meyer,martin.meyer@davis.co.uk,1500.00,7129.00,-5629.00
Mitzy,Junk,mitzy.junk@zaragoza.com,1400.00,4126.00,-2726.00
Troy,Schmiedecke,troy.schmiedecke@picard.com,1400.00,8053.00,-6653.00
Senta,Grassi,senta.grassi@hotmail.com,1400.00,5696.00,-4296.00
Melanie,Leveque,melanie.leveque@fleury.net,1400.00,5415.00,-4015.00
Elizabeth,Valdivia,elizabeth.valdivia@gmail.com,1400.00,14324.00,-12924.00
Kirsten,Chindamo,kirsten.chindamo@carrillo-wall.com,1400.00,7600.00,-6200.00
Trinidad,Vespa,trinidad.vespa@gmail.com,1400.00,14511.00,-13111.00
Mariana,Ellis,mariana.ellis@rossi.org,1400.00,14560.00,-13160.00
Georges,Richards,georges.richards@macdonald.com,1400.00,3496.00,-2096.00
Guarino,Escalante,guarino.escalante@hotmail.com,1400.00,3534.00,-2134.00
Cheryl,Boyd,cheryl.boyd@segni.it,1400.00,3851.00,-2451.00
Miranda,Lacombe,miranda.lacombe@longoria-vanegas.net,1400.00,9253.00,-7853.00
Jasmine,Juvara,jasmine.juvara@yahoo.com.au,1300.00,13678.00,-12378.00
Liberto,Niemeier,liberto.niemeier@germano-dibiasi.it,1300.00,6889.00,-5589.00
Jacques,Heidrich,jacques.heidrich@zamudio-chapa.com,1300.00,12597.00,-11297.00
Ann,Peron,ann.peron@grupo.biz,1300.00,10037.00,-8737.00
Rosie,Peltier,rosie.peltier@voila.fr,1300.00,12047.00,-10747.00
Elliot,Santana,elliot.santana@gmx.de,1300.00,10243.00,-8943.00
Hugues,Oliver,hugues.oliver@stiffel.com,1300.00,5614.00,-4314.00
Reece,Valencia,reece.valencia@laboy-palomo.com,1200.00,3984.00,-2784.00
Theres,Antonioni,theres.antonioni@hotmail.com,1200.00,14150.00,-12950.00
Gloria,Morton,gloria.morton@outlook.com,1200.00,13513.00,-12313.00
Holly,Negrete,holly.negrete@hotmail.com,1100.00,8010.00,-6910.00
Elisa,Barkholz,elisa.barkholz@sfr.fr,1100.00,13045.00,-11945.00
Elaine,Patterson,elaine.patterson@rose-morris.org,1100.00,1914.00,-814.00
Abigail,Foster,abigail.foster@taylor.net,1100.00,7012.00,-5912.00
Debbie,Guilbert,debbie.guilbert@berg.edu,1100.00,8081.00,-6981.00
Mario,Rees,mario.rees@gmx.de,1000.00,5085.00,-4085.00
Gianna,Carroll,gianna.carroll@perez.com,1000.00,5438.00,-4438.00
Leonor,Ferreira,leonor.ferreira@gmail.com,1000.00,718.00,282.00
Roger,Gerlach,roger.gerlach@may-mitchell.co.uk,1000.00,14973.00,-13973.00
Edeltrud,Boyer,edeltrud.boyer@outlook.com,1000.00,8641.00,-7641.00
Claudine,Rowley,claudine.rowley@industrias.com,1000.00,6263.00,-5263.00
Flavia,Yoder,flavia.yoder@hotmail.de,1000.00,4257.00,-3257.00
Julien,Miles,julien.miles@stevens-rose.com,900.00,8703.00,-7803.00
Rose,Blanc,rose.blanc@grupo.com,900.00,6357.00,-5457.00
Vanessa,Tschentscher,vanessa.tschentscher@mitchell.com,900.00,12102.00,-11202.00
Amy,Georges,amy.georges@raedel.de,900.00,1017.00,-117.00
Sally,Raya,sally.raya@tarchetti.it,900.00,9193.00,-8293.00
Denise,Wood,denise.wood@mantegna.com,900.00,12607.00,-11707.00
Mercedes,Trujillo,mercedes.trujillo@aol.de,900.00,13772.00,-12872.00
Alberico,Herve,alberico.herve@beer.net,900.00,14547.00,-13647.00
Ashleigh,Montez,ashleigh.montez@perry-schneider.com,900.00,6303.00,-5403.00
Lucy,Davidson,lucy.davidson@tele2.it,900.00,14324.00,-13424.00
Kathryn,Hentschel,kathryn.hentschel@shaw.com,900.00,6514.00,-5614.00
Clara,Armstrong,clara.armstrong@vodafone.it,800.00,2991.00,-2191.00
Margaretha,Murialdo,margaretha.murialdo@meunier.com,800.00,663.00,137.00
Geoffrey,Williams,geoffrey.williams@poste.it,800.00,14725.00,-13925.00
Craig,Jordan,craig.jordan@gmail.com,800.00,2960.00,-2160.00
Brigitte,Stiebitz,brigitte.stiebitz@gmail.com,800.00,3755.00,-2955.00
Serena,Piacentini,serena.piacentini@yahoo.de,800.00,13474.00,-12674.00
Rudolf,Jenkins,rudolf.jenkins@hotmail.com,800.00,3406.00,-2606.00
Rouven,Ovadia,rouven.ovadia@gmail.com,700.00,6654.00,-5954.00
Alison,Morales,alison.morales@lewis.com,700.00,7465.00,-6765.00
Chelsea,Verdugo,chelsea.verdugo@campbell.com,700.00,1848.00,-1148.00
Edeltraud,Chavez,edeltraud.chavez@hotmail.com.au,700.00,3988.00,-3288.00
Alan,Pineda,alan.pineda@proyectos.info,700.00,7763.00,-7063.00
Alfred,Pohl,alfred.pohl@fechner.net,700.00,7664.00,-6964.00
Lothar,Laurent,lothar.laurent@garcia.com.au,700.00,8262.00,-7562.00
Greca,Ruiz,greca.ruiz@carr.co.uk,700.00,1101.00,-401.00
Gaetano,Leonardi,gaetano.leonardi@despacho.com,600.00,6226.00,-5626.00
Lucas,Austin,lucas.austin@gmail.com,600.00,14033.00,-13433.00
Greco,Walker,greco.walker@yahoo.com,600.00,4022.00,-3422.00
Kaylee,Hoffmann,kaylee.hoffmann@poulain.com,600.00,5368.00,-4768.00
Jonathan,Castellitto,jonathan.castellitto@libero.it,600.00,8038.00,-7438.00
Roy,Fox,roy.fox@tejeda.com,100.00,3.00,97.00
Fiona,Griffiths,fiona.griffiths@curatoli-verdone.it,100.00,1.00,99.00
Rico,Mortati,rico.mortati@faivre.fr,100.00,0.00,100.00
Julie,Coles,julie.coles@hotmail.fr,100.00,5.00,95.00
Rosl,Lamborghini,rosl.lamborghini@hiller.net,100.00,5.00,95.00
Bethany,Hartmann,bethany.hartmann@yahoo.com,100.00,2.00,98.00
Odette,Moore,odette.moore@hall.edu,100.00,2.00,98.00
Benjamin,Schultz,benjamin.schultz@rivero-davila.com,100.00,5.00,95.00
Brigitta,Shaw,brigitta.shaw@hotmail.co.uk,100.00,1.00,99.00
Nicholas,Christian,nicholas.christian@hotmail.de,100.00,2.00,98.00
Suzanne,Benigni,suzanne.benigni@mennea-morlacchi.com,100.00,4.00,96.00
Uberto,Steele,uberto.steele@outlook.com,100.00,1.00,99.00
Mirjana,Collins,mirjana.collins@hotmail.com,100.00,5.00,95.00
Cecilia,Velasco,cecilia.velasco@rodrigues.fr,100.00,0.00,100.00
Rembrandt,Liguori,rembrandt.liguori@davis.org,100.00,1.00,99.00
Israel,Watkins,israel.watkins@hotmail.com,100.00,1.00,99.00
Augusto,Vercelloni,augusto.vercelloni@club-internet.fr,100.00,2.00,98.00
Vincenza,Key,vincenza.key@adams.com,100.00,2.00,98.00
Sabine,Lachmann,sabine.lachmann@phillips.org,100.00,3.00,97.00
Dale,Leblanc,dale.leblanc@stewart.com,100.00,4.00,96.00
